{"duration": 3737726.5508176847, "num_utterances": 892680, "num_issuers": 32374, "subviews": {"train": {"duration": 1749156.3571310113, "num_utterances": 431550, "num_issuers": 27619}, "dev_tuda": {"duration": 8692.799999999996, "num_utterances": 1079, "num_issuers": 16}, "dev": {"duration": 194324.76762499986, "num_utterances": 69805, "num_issuers": 1257}, "test_common_voice": {"duration": 27754.056000000062, "num_utterances": 5632, "num_issuers": 1901}, "full_mailabs": {"duration": 841330.2593808444, "num_utterances": 118521, "num_issuers": 26442}, "full_voxforge": {"duration": 114093.00250000002, "num_utterances": 24088, "num_issuers": 328}, "full_tuda": {"duration": 660216.7129375074, "num_utterances": 79110, "num_issuers": 179}, "test": {"duration": 194918.75512500064, "num_utterances": 67340, "num_issuers": 2105}, "full_common_voice": {"duration": 1167084.4559999288, "num_utterances": 281112, "num_issuers": 4852}, "train_tuda": {"duration": 120898.59999999966, "num_utterances": 14357, "num_issuers": 146}, "dev_common_voice": {"duration": 25343.375999999935, "num_utterances": 5631, "num_issuers": 1010}, "test_tuda": {"duration": 8559.810000000003, "num_utterances": 1020, "num_issuers": 17}, "test_swc": {"duration": 142265.19000000018, "num_utterances": 57461, "num_issuers": 91}, "dev_voxforge": {"duration": 16514.461625000033, "num_utterances": 3242, "num_issuers": 122}, "train_common_voice": {"duration": 36725.85599999993, "num_utterances": 8518, "num_issuers": 552}, "full_swc": {"duration": 955002.1200000154, "num_utterances": 389849, "num_issuers": 569}, "dev_swc": {"duration": 143774.1300000008, "num_utterances": 59853, "num_issuers": 109}, "train_swc": {"duration": 668962.8000000144, "num_utterances": 272535, "num_issuers": 369}, "test_voxforge": {"duration": 16339.699125000045, "num_utterances": 3227, "num_issuers": 96}, "train_voxforge": {"duration": 81238.84175000005, "num_utterances": 17619, "num_issuers": 110}}}