{
  "duration": 3676716.407468239,
  "num_utterances": 797627,
  "num_issuers": 32374,
  "subviews": {
    "train": {
      "duration": 1933432.0194690826,
      "num_utterances": 444204,
      "num_issuers": 27792
    },
    "dev_tuda": {
      "duration": 8692.799999999996,
      "num_utterances": 1079,
      "num_issuers": 16
    },
    "dev": {
      "duration": 63890.773125000036,
      "num_utterances": 14678,
      "num_issuers": 1151
    },
    "test_common_voice": {
      "duration": 27754.056000000062,
      "num_utterances": 5632,
      "num_issuers": 1901
    },
    "full_mailabs": {
      "duration": 841174.3460313546,
      "num_utterances": 118390,
      "num_issuers": 26441
    },
    "full_voxforge": {
      "duration": 114093.00250000002,
      "num_utterances": 24088,
      "num_issuers": 328
    },
    "full_tuda": {
      "duration": 659869.612937507,
      "num_utterances": 79092,
      "num_issuers": 179
    },
    "test": {
      "duration": 65586.5639374999,
      "num_utterances": 14412,
      "num_issuers": 2037
    },
    "full_common_voice": {
      "duration": 1167084.4559999288,
      "num_utterances": 281112,
      "num_issuers": 4852
    },
    "train_tuda": {
      "duration": 113364.99999999981,
      "num_utterances": 14109,
      "num_issuers": 146
    },
    "dev_common_voice": {
      "duration": 25343.375999999935,
      "num_utterances": 5631,
      "num_issuers": 1010
    },
    "test_tuda": {
      "duration": 8559.810000000003,
      "num_utterances": 1020,
      "num_issuers": 17
    },
    "test_swc": {
      "duration": 15030.600000000035,
      "num_utterances": 4918,
      "num_issuers": 16
    },
    "dev_mailabs": { "duration": 0, "num_utterances": 0, "num_issuers": 0 },
    "dev_voxforge": {
      "duration": 14527.937125000017,
      "num_utterances": 2846,
      "num_issuers": 99
    },
    "train_common_voice": {
      "duration": 36725.85599999993,
      "num_utterances": 8518,
      "num_issuers": 552
    },
    "train_mailabs": {
      "duration": 840589.144986287,
      "num_utterances": 118371,
      "num_issuers": 26441
    },
    "full_swc": {
      "duration": 894494.990000059,
      "num_utterances": 294945,
      "num_issuers": 569
    },
    "dev_swc": {
      "duration": 15326.66000000006,
      "num_utterances": 5122,
      "num_issuers": 26
    },
    "test_mailabs": { "duration": 0, "num_utterances": 0, "num_issuers": 0 },
    "train_swc": {
      "duration": 856843.8500000545,
      "num_utterances": 284787,
      "num_issuers": 527
    },
    "test_voxforge": {
      "duration": 14242.097937500053,
      "num_utterances": 2842,
      "num_issuers": 103
    },
    "train_voxforge": {
      "duration": 85322.96743750015,
      "num_utterances": 18400,
      "num_issuers": 126
    }
  }
}
