{"duration": 3677249.640817725, "num_utterances": 797797, "num_issuers": 32374, "subviews": {"train": {"duration": 1706886.6371310302, "num_utterances": 365258, "num_issuers": 27618}, "dev_tuda": {"duration": 8692.799999999996, "num_utterances": 1079, "num_issuers": 16}, "dev": {"duration": 184975.0676249986, "num_utterances": 54978, "num_issuers": 1251}, "test_common_voice": {"duration": 27754.056000000062, "num_utterances": 5632, "num_issuers": 1901}, "full_mailabs": {"duration": 841330.2593808444, "num_utterances": 118521, "num_issuers": 26442}, "full_voxforge": {"duration": 114093.00250000002, "num_utterances": 24088, "num_issuers": 328}, "full_tuda": {"duration": 660216.7129375074, "num_utterances": 79110, "num_issuers": 179}, "test": {"duration": 186061.26512499977, "num_utterances": 53576, "num_issuers": 2112}, "full_common_voice": {"duration": 1167084.4559999288, "num_utterances": 281112, "num_issuers": 4852}, "train_tuda": {"duration": 120898.59999999966, "num_utterances": 14357, "num_issuers": 146}, "dev_common_voice": {"duration": 25343.375999999935, "num_utterances": 5631, "num_issuers": 1010}, "test_tuda": {"duration": 8559.810000000003, "num_utterances": 1020, "num_issuers": 17}, "test_swc": {"duration": 133407.6999999993, "num_utterances": 43697, "num_issuers": 98}, "dev_voxforge": {"duration": 16514.461625000033, "num_utterances": 3242, "num_issuers": 122}, "train_common_voice": {"duration": 36725.85599999993, "num_utterances": 8518, "num_issuers": 552}, "full_swc": {"duration": 894525.210000059, "num_utterances": 294966, "num_issuers": 569}, "dev_swc": {"duration": 134424.42999999953, "num_utterances": 45026, "num_issuers": 103}, "train_swc": {"duration": 626693.0800000381, "num_utterances": 206243, "num_issuers": 368}, "test_voxforge": {"duration": 16339.699125000045, "num_utterances": 3227, "num_issuers": 96}, "train_voxforge": {"duration": 81238.84175000005, "num_utterances": 17619, "num_issuers": 110}}}